Name,Unit
SPN_BB,B
SPN_FR_BB,B
MOR_SPN_TRAP,N
MOR_POR_TRAP,N
JPN_LL_Eatl_Med,N
JPN_LL_NEAtl1,N
JPN_LL_NEAtl2,N
FR_AER_SUV1,N
FR_AER_SUV2,N
MED_LAR_SUV,B
GBYP_AER_SUV_BAR,B
US_RR_66_144,N
US_RR_177,N
US_RR_145,N
US_RR_195,N
MEXUS_GOM_PLL,N
JPN_LL_West1,N
JPN_LL_West2,N
JPLL_GOM,N
CAN SWNS,N
GOM_LAR_SUV,B
CAN_ACO_SUV1,N
CAN_ACO_SUV2,N
US_RR_66_114,N
US_RR_115_144,N
CAN combined RR,N
US_GOM_PLL1,N
US_GOM_PLL2,N
CAN GSL,
VAST_JPN_LL_NEAtl1,N
VAST_JPN_LL_NEAtl2,N
sdmTMB_POR-MOR_TRAP,N
Balfegó_PS,
Larval_fitness_index,
VAST_JPN_LL_West1,N
VAST_JPN_LL_West2,N
VAST_CAN_SWNS_RR,N
VAST_CAN_GSL_RR,N
VAST_US_RR_177,N
VAST_CAN_ACO_SUV,N
